Type,Name,Header
Talk,T1,./generated_talks.html#t1-an-exocyst-component-zmexo70f4-coordinates-with-jasmonate-signaling-pathway-to-regulate-maize-immunity-to-gibberella-stalk-rot
Talk,T2,./generated_talks.html#t2-crazy-leaves-and-truffula-trees
Talk,T3,./generated_talks.html#t3-a-thiamin-pyrophosphate-kinase-encoding-gene-zmtdpk2-finely-regulates-ear-length-and-grain-yield-in-maize
Talk,T4,./generated_talks.html#t4-a-novel-domestication-gene-establishes-developmental-boundaries
Talk,T5,./generated_talks.html#t5-leaf-angle-and-curricular-innovation-a-cure-for-research-and-undergraduate
Talk,T6,"./generated_talks.html#t6-optimized-zmwox2a-based-transformation-system-enhances-somatic-embryogenesis,-transformation-efficiency-and-gene-editing-efficiency-in-maize-zea-mays-l-and-sorghum-sorghum-bicolor-l"
Talk,T7,./generated_talks.html#t7-harnessing-ai-for-agricultural-innovation
Talk,T8,./generated_talks.html#t8-a-practical-haplotype-graph-map-of-the-zeasynthetic-population-enables-integration-of-teosinte-alleles-into-breeding-efforts
Talk,T9,./generated_talks.html#t9-cyto-swapping-in-maize-by-haploid-induction-with-a-cenh3-mutant
Talk,T10,./generated_talks.html#t10-a-foundational-large-language-model-for-edible-plant-genomes-provides-accurate-predictions-of-regulatory-elements-and-gene-expression-in-the-maize-genome
Talk,T11,./generated_talks.html#t11-biological-nitrogen-gixation-on-the-aerial-roots-of-maize-for-sustainable-agriculture
Talk,T12,./generated_talks.html#t12-decoding-nitrogen-use-efficiency-in-maize-and-sorghum-insights-from-comparative-gene-regulatory-networks-for-sustainable-agriculture
Talk,T13,./generated_talks.html#t13-the-nitrogen-cycle-in-the-rhizosphere-of-diverse-grass-species-in-andropogoneae
Talk,T14,./generated_talks.html#t14-genomic-structural-variation-underlies-differential-root-responses-to-nitrogen-stress-in-maize
Talk,T15,./generated_talks.html#t15-mining-ancient-genomes-for-microbiome-associated-phenotypes-for-nutrient-retention-in-agroecosystems
Talk,T16,./generated_talks.html#t16-teosinte-pollen-drive-guides-maize-diversification-and-domestication-by-rnai
Talk,T17,./generated_talks.html#t17-how-recombination-facilitated-the-domestication-of-maize
Talk,T18,./generated_talks.html#t18-maize-development-is-controlled-by-an-ancient-nutrient-signaling-pathway
Talk,T19,./generated_talks.html#t19-fractionation-in-the-tripsacinae-subtribe
Talk,T20,"./generated_talks.html#t20-zmira1,-a-new-root-system-architecture-gene-identified-by-phenomics"
Talk,T21,./generated_talks.html#t21-genetic-and-environmental-impacts-on-the-maize-microbiome-across-the-united-states
Talk,T22,./generated_talks.html#t22-exploring-the-cis-regulatory-landscape-of-the-b73-and-mo17-genomes
Talk,T23,./generated_talks.html#t23-understanding-the-role-of-zmwus1-and-cis-regulatory-elements-in-maize-inflorescence-development-at-single-cell-resolution
Talk,T24,./generated_talks.html#t24-integrating-single-cell-transcriptomes-links-organ-specific-gene-expression-with-function
Talk,T25,./generated_talks.html#t25-meiotic-recombination-differs-between-sexes-in-maize
Talk,T26,./generated_talks.html#t26-x1-encodes-a-putative-rna-binding-protein-required-for-paramutations-at-multiple-loci
Talk,T27,./generated_talks.html#t27-strigolactone-control-of-iron-homeostasis-in-maize
Talk,T28,./generated_talks.html#t28-upper-level-and-cross-hierarchical-regulation-of-predominantly-expressed-phenolic-genes-in-maize
Talk,T29,./generated_talks.html#t29-elucidating-the-metabolomic-and-single-cell-transcriptomic-landscape-of-maize-leaf-senescence
Talk,T30,./generated_talks.html#t30-potent-pollen-gene-regulation-by-dna-glycosylases-in-maize
Poster,P1,./generated_poster_list.html#p1-annotation-of-gene-metabolite-functional-relationships-using-multi-omics-mapping-of-the-sorghum-bioenergy-association-panel
Poster,P2,./generated_poster_list.html#p2-autoimmune-mutants-reveal-new-immunity-pathways-in-maize
Poster,P3,./generated_poster_list.html#p3-challenges-and-insights-from-establishing-a-maize-transformation-laboratory
Poster,P4,./generated_poster_list.html#p4-changes-in-sorbitol-metabolism-impact-kernel-sink-strength-and-seed-size
Poster,P5,./generated_poster_list.html#p5-characterization-of-the-maize-membrane-lipidome-in-a-large-collection-of-introgression-lines-derived-from-crosses-between-b73-and-traditional-maize-varieties-and-teosintes
Poster,P6,./generated_poster_list.html#p6-characterizing-expression-of-meristem-genes-in-a-lig5-maize-mutant
Poster,P7,./generated_poster_list.html#p7-comparative-study-of-approaches-for-gene-activation-in-maize
Poster,P8,./generated_poster_list.html#p8-delving-into-the-biochemical-underpinnings-of-disease-resistance-for-southern-leaf-blight-in-maize
Poster,P9,./generated_poster_list.html#p9-disruption-of-allene-oxide-cyclase-results-in-jasmonic-acid-deficiency-despite-incomplete-loss-of-12-opda
Poster,P10,./generated_poster_list.html#p10-elucidating-freezing-tolerance-in-tripsacum-insights-from-combined-transcriptome-and-proteome
Poster,P11,./generated_poster_list.html#p11-empirical-assessment-of-the-wisconsin-crop-innovation-center-high-throughput-maize-gene-editing-pipeline
Poster,P12,./generated_poster_list.html#p12-engineering-a-terpene-depleted-chassis-in-tomato-fruit-for-production-of-high-value-terpenes
Poster,P13,./generated_poster_list.html#p13-engineering-root-n-remobilization-after-grain-filling-to-decrease-greenhouse-gas-emissions-and-n-leaching-in-corn-agriculture
Poster,P14,./generated_poster_list.html#p14-exploring-the-genetics-of-drought-resilience-in-sorghum
Poster,P15,./generated_poster_list.html#p15-finding-a-high-throughput-dna-extraction-method-for-maize
Poster,P16,./generated_poster_list.html#p16-functional-genomics-of-coordinated-nitrogen-and-phosphorous-signaling-in-maize
Poster,P17,./generated_poster_list.html#p17-grassius-20-knowledgebase-updated-resources-and-tools-for-regulomics-in-the-grasses
Poster,P18,./generated_poster_list.html#p18-gene-editing-of-two-maize-chalcone-synthase-paralogs-results-in-conditional-male-sterility
Poster,P19,./generated_poster_list.html#p19-gene-expression-identifies-a-role-of-maize-ortholog-of-dwarf-and-low-tillering-gras42-in-brassinosteroid-signaling
Poster,P20,./generated_poster_list.html#p20-genetic-architecture-of-stalk-lodging-resistance-in-maize
Poster,P21,./generated_poster_list.html#p21-genetic-interaction-analysis-of-maize-meristem-regulators
Poster,P22,./generated_poster_list.html#p22-glossy2-and-glossy2-like-demonstrate-both-unique-and-overlapping-functions-in-maize-cuticular-wax-formation
Poster,P23,./generated_poster_list.html#p23-high-sensitivity-transcriptional-profiling-of-maize-root-tips-via-nascent-and-nuclear-rna-sequencing
Poster,P24,./generated_poster_list.html#p24-identification-of-genes-associated-with-phenolic-metabolism
Poster,P25,./generated_poster_list.html#p25-identifying-physiologically-relevant-transcriptional-regulatory-mechanisms-in-tetrapyrrole-biosynthesis-using-natural-and-induced-variation-in-mg2+-chelatase-in-maize
Poster,P26,./generated_poster_list.html#p26-identifying-the-functional-determinants-of-zmehd1---a-putative-maize-flowering-time-activator-using-a-protoplast-system
Poster,P27,./generated_poster_list.html#p27-improving-transformation-and-regeneration-of-tropical-inbred-lines-using-calcium-channel-blockers
Poster,P28,./generated_poster_list.html#p28-inoculation-effect-of-phosphate-solubilizing-bacteria-on-the-microbiota-of-maize-cultivated-under-different-phosphate-fertilization-conditions
Poster,P29,./generated_poster_list.html#p29-insights-into-genomic-regions-associated-with-resistance-and-susceptibility-to-gibberella-ear-rot
Poster,P30,./generated_poster_list.html#p30-integration-of-proteomics-and-phosphoproteomics-provides-insight-into-the-protein-bound-amino-acid-regulation-in-the-opaque2-mutant
Poster,P31,"./generated_poster_list.html#p31-introgression-of-a-highland-maize-chromosomal-inversion-decreases-flowering-time-in-a-phosphorus-independent-manner,-and-leads-to-minor-perturbations-of-the-leaf-phosphorus-starvation-response-transcriptome"
Poster,P32,./generated_poster_list.html#p32-investigating-the-expression-regulation-and-enzymatic-activity-of-the-adaptive-gene-hpc1
Poster,P33,"./generated_poster_list.html#p33-investigating-the-maize-systemic-disease-response-to-the-southern-leaf-blight-pathogen,-cochliobolus-heterostrophus"
Poster,P34,./generated_poster_list.html#p34-investigating-the-mechanism-of-h3k27me3-mediated-gene-regulation-in-plants
Poster,P35,./generated_poster_list.html#p35-investigation-of-tissue-specific-translation-regulation-by-uorfs-in-maize
Poster,P36,./generated_poster_list.html#p36-moa-seq-identifies-candidate-cis-elements-associated-with-response-to-submergence
Poster,P37,./generated_poster_list.html#p37-maize-cytoplasm-genotype-is-a-key-determinant-of-transformability
Poster,P38,./generated_poster_list.html#p38-maize-terpene-synthase-1-impacts-insect-pest-behavior-via-the-production-of-monoterpene-volatiles-β-myrcene-and-linalool
Poster,P39,./generated_poster_list.html#p39-maize-specific-lox4-and-lox5-genes-subfunctionalize-to-play-contrasting-roles-in-defense-against-necrotrophic-and-hemibiotrophic-pathogens
Poster,P40,./generated_poster_list.html#p40-maize-rough-endosperm6-rgh6-encodes-a-predicted-dead-box-rna-helicase-and-affects-mirna-processing-in-endosperm-development
Poster,P41,./generated_poster_list.html#p41-maize-rough-endosperm6-rgh6-encodes-a-predicted-dead-box-rna-helicase-and-affects-mirna-processing-in-endosperm-development
Poster,P42,./generated_poster_list.html#p42-minus-directed-kinesin-allows-chromosome-10-haplotypes-to-compete
Poster,P43,./generated_poster_list.html#p43-modular-base-editing
Poster,P44,./generated_poster_list.html#p44-molecular-identification-of-two-mu-suppressible-alleles-of-lesion28-as-insertions-in-uroporphyrinogen-iii-synthase
Poster,P45,./generated_poster_list.html#p45-natural-variation-in-maize-root-hydraulic-architecture-may-offer-new-insights-into-plant-drought-responses
Poster,P46,"./generated_poster_list.html#p46-nutritional-and-biophysical-characteristics-of-crispr-generated-low-kafirin,-waxy-sorghum"
Poster,P47,./generated_poster_list.html#p47-phenotyping-transgenic-events-for-drought-resistance
Poster,P48,./generated_poster_list.html#p48-proteomic-and-metabolomic-landscape-of-the-arbuscular-mycorrhizal-symbiosis-in-maize-roots
Poster,P49,./generated_poster_list.html#p49-pseudomonas-syringae-pv-tomato-dc3000-induces-defense-responses-in-diverse-maize-inbred-lines
Poster,P50,./generated_poster_list.html#p50-roles-of-rel2-mediated-transcriptional-co-repression-in-maize-immunity
Poster,P51,./generated_poster_list.html#p51-roles-of-vacuolar-invertase-genes-ivr1-&-ivr2-in-the-pollination-biology-of-maize
Poster,P52,./generated_poster_list.html#p52-site-directed-integration-of-microbial-hemg-type-protoporphyrinogen-ix-oxidase-ppo-at-a-target-site-in-corn-genome-creates-tolerance-to-ppo-inhibiting-herbicides
Poster,P53,./generated_poster_list.html#p53-systematic-exploration-of-transcription-factor-function-in-maize
Poster,P54,"./generated_poster_list.html#p54-tar-spot-and-fisheye-lesions-exhibit-distinct-yet-overlapping-transcriptomic-signatures,-suggesting-a-complex-interplay-of-shared-and-specific-pathways-modulated-by-phyllachora-maydis"
Poster,P55,./generated_poster_list.html#p55-targeting-meiotic-crossovers-in-maize
Poster,P56,./generated_poster_list.html#p56-the-maize-e3-ligase-zmcer9-specifically-targets-activated-nlrs-for-degradation
Poster,P57,./generated_poster_list.html#p57-transcriptomic-variation-during-kernel-development-in-near-isogenic-purple-maize-cultivars
Poster,P58,./generated_poster_list.html#p58-transformation-of-fast-flowering-mini-maize-ffmm
Poster,P59,./generated_poster_list.html#p59-unlocking-meiotic-recombination-in-the-maize-genome
Poster,P60,./generated_poster_list.html#p60-a-knox-blh-homeodomain-complex-targets-a-major-domestication-locus
Poster,P61,./generated_poster_list.html#p61-a-nuclear-moonlighting-function-of-maize-trehalose-6-phosphate-phosphatase-in-inflorescence-branching
Poster,P62,./generated_poster_list.html#p62-a-regulatory-module-of-little-zipper-and-rolled-leaf1/revoluta-controls-ligule-development-in-maize
Poster,P63,./generated_poster_list.html#p63-a-spatial-transcriptome-map-of-the-developing-maize-ear
Poster,P64,./generated_poster_list.html#p64-analysis-of-pistachio-root-proteome-to-salt-stress
Poster,P65,./generated_poster_list.html#p65-automated-image-analysis-of-maize-pollen-for-phenotypic-measurements
Poster,P66,./generated_poster_list.html#p66-catalytic-and-non-catalytic-trehalose-6-phosphate-synthases-zmtpss-interact-with-ramosa3-to-control-embryo-and-post-embryo-development
Poster,P67,./generated_poster_list.html#p67-cause-and-consequences-of-abnormal-meiosis-ii-division-in-bige7-heterozygotes
Poster,P68,./generated_poster_list.html#p68-characterizing-the-phenotypic-rescue-of-d-erythrose-in-salt-stressed-maize-and-its-role-in-stress-response-regulation-and-development
Poster,P69,"./generated_poster_list.html#p69-cloning-the-classic-maize-metaxylem-mutant,-wilted1-wi1-by-chromosome-walking-and-rna-sequencing"
Poster,P70,./generated_poster_list.html#p70-comparison-of-dna-replication-timing-profiles-between-b73-and-nc350-maize-lines
Poster,P71,./generated_poster_list.html#p71-coupling-computer-vision-with-spatial-analysis-of-cell-patterning-allows-the-genetic-basis-for-stomatal-density-to-be-dissected-into-component-traits-related-to-known-developmental-mechanisms-in-maize
Poster,P72,./generated_poster_list.html#p72-crosstalk-between-auxin-and-jasmonic-acid-in-maize-root-development
Poster,P73,./generated_poster_list.html#p73-defining-the-gene-regulatory-networks-of-bhlh122-and-bhlh51-in-maize-anther-development
Poster,P74,./generated_poster_list.html#p74-determining-the-impact-of-plant-architecture-on-lifespan-stalk-flexural-stiffness
Poster,P75,./generated_poster_list.html#p75-development-of-a-lineage-tracing-line-for-maize-brace-root-developmental-studies
Poster,P76,./generated_poster_list.html#p76-development-of-an-accessible-and-scalable-maize-pollen-storage-technology
Poster,P77,./generated_poster_list.html#p77-developmental-genetics-and-genomics-of-perennial-regrowth-in-zea-diploperennis
Poster,P78,./generated_poster_list.html#p78-drawing-the-line-interactions-of-maize-transcription-factors-to-coordinate-proximodistal-and-mediolateral-patterning-in-the-maize-leaf
Poster,P79,./generated_poster_list.html#p79-elucidating-the-role-of-terminal-ear1-te1-in-maize-development-and-stress
Poster,P80,./generated_poster_list.html#p80-engineering-dominant-maize-yield-component-improvement-with-gene-editing
Poster,P81,./generated_poster_list.html#p81-functional-and-genetic-analysis-of-alternatively-spliced-transcript-isoforms-of-a-conserved-rna-binding-motif-protein-48-rbm48-essential-for-the-splicing-of-u12-type-introns
Poster,P82,./generated_poster_list.html#p82-functional-characterization-of-maize-nitrogen-transporters
Poster,P83,./generated_poster_list.html#p83-genetic-regulation-of-self-organizing-azimuthal-canopy-orientations-and-their-impacts-on-light-interception-in-maize
Poster,P84,./generated_poster_list.html#p84-growth-hormones-br-and-ga-modulate-spikelet-meristem-identity-through-the-ramosa1-pathway-in-setaria-and-maize
Poster,P85,./generated_poster_list.html#p85-heat-stress-at-the-bicellular-stage-inhibits-sperm-cell-development-and-their-transport-into-pollen-tubes
Poster,P86,./generated_poster_list.html#p86-heat-stress-induced-pollen-tube-growth-arrest-and-sterility-supported-by-a-maizestressdb
Poster,P87,./generated_poster_list.html#p87-herbicide-safener-metcamifen-significantly-improves-the-recovery-of-doubled-haploid-maize-seedlings-via-in-vitro-culture
Poster,P88,./generated_poster_list.html#p88-high-throughput-root-phenotyping-to-investigate-phenotypic-relationships-between-early-auxin-response-and-adult-crown-root-phenotyping
Poster,P89,./generated_poster_list.html#p89-individual-and-collective-tissue-specific-roles-of-brassinosteroid-insensitive1-bri1-receptor-like-kinase-to-plant-development-and-br-signaling-in-maize
Poster,P90,./generated_poster_list.html#p90-investigating-links-between-pectin-dynamics-and-meristem-activity-in-maize
Poster,P91,./generated_poster_list.html#p91-investigating-the-effect-of-environmental-stress-on-metabolite-localization-and-signaling-in-plants
Poster,P92,./generated_poster_list.html#p92-investigating-the-role-of-higher-wox3-transcription-factors-during-robust-patterning-of-leaf-margin-orientation-and-tassel-spikelet-development
Poster,P93,./generated_poster_list.html#p93-is-more-always-better?-progress-and-promise-of-autotetraploid-sweet-sorghum
Poster,P94,./generated_poster_list.html#p94-k-means-clustering-analysis-of-gene-expression-across-endosperm-development
Poster,P95,./generated_poster_list.html#p95-katanin’s-role-in-cell-division-positioning-and-cell-elongation-in-maize
Poster,P96,./generated_poster_list.html#p96-large-scale-single-cell-profiling-of-stem-cells-uncovers-regulators-of-plant-shoot-development
Poster,P97,./generated_poster_list.html#p97-linking-brace-root-development-to-function
Poster,P98,./generated_poster_list.html#p98-maize-ethylene-insensitive3-like-genes-are-central-regulators-of-shoot-growth
Poster,P99,./generated_poster_list.html#p99-maize-developmental-transcription-factors-affect-and-interact-with-aberrant-phyllotaxy1-in-regulating-phyllotaxy
Poster,P100,./generated_poster_list.html#p100-making-good-connections-how-transverse-veins-span-the-maize-leaf-vascular-network
Poster,P101,./generated_poster_list.html#p101-nuclear-membrane-proteins-and-their-functions-beyond-the-nuclear-membrane
Poster,P102,./generated_poster_list.html#p102-peg-mediated-transient-gene-expression-in-maize-root-protoplast
Poster,P103,./generated_poster_list.html#p103-parallel-spindle-genes-restore-haploid-male-fertility-–-removing-a-bottleneck-in-doubled-haploid-technology
Poster,P104,./generated_poster_list.html#p104-phytoextraction-potential-of-quinoa-and-wheat-grown-under-saline-conditions-as-a-measure-for-adaptation-to-salt-stress
Poster,P105,./generated_poster_list.html#p105-plant-regeneration-using-morphogenic-regulators
Poster,P106,./generated_poster_list.html#p106-regulation-of-maize-ear-development-by-a-clavata-related-receptor-complex
Poster,P107,./generated_poster_list.html#p107-regulation-of-meristem-size-by-the-rel2corepressor-family
Poster,P108,./generated_poster_list.html#p108-single-cell-rnaseq-analysis-and-dynamic-modeling-of-leaf-angle-variation-in-the-maize-leaf-canopy
Poster,P109,./generated_poster_list.html#p109-the-maize-preligule-band-is-subdivided-into-distinct-domains-with-contrasting-cellular-properties-prior-to-ligule-outgrowth
Poster,P110,./generated_poster_list.html#p110-the-wisconsin-crop-innovation-center-a-public-resource-for-maize-transformation-and-gene-editing-research
Poster,P111,./generated_poster_list.html#p111-the-boron-deficiency-response-during-primary-root-development-of-maize
Poster,P112,./generated_poster_list.html#p112-the-cis-regulatory-evolution-of-grassy-tillers1-gt1-over-deep-time
Poster,P113,./generated_poster_list.html#p113-the-flowering-phenotypes-of-temperate-and-tropical-maize-grown-in-short-and-long-day-field-environments
Poster,P114,./generated_poster_list.html#p114-the-genetic-basis-of-callus-development-and-resources-for-genetic-transformation-of-maize
Poster,P115,./generated_poster_list.html#p115-the-heterofertilization-and-kernel-abortion-phenotypes-in-maize-gex2-mutants-are-consistent-with-differential-fertilization-recovery-of-egg-and-central-cells
Poster,P116,./generated_poster_list.html#p116-the-maize-fusedleaf1-mutant
Poster,P117,./generated_poster_list.html#p117-the-role-of-the-plant-growth-hormones-auxin-and-cytokinin-in-maize-mutants-lsn1-and-hsf1
Poster,P118,./generated_poster_list.html#p118-tracking-s-phase-progression-sequential-dual-labeling-of-replicated-dna-with-edu-and-brdu-in-maize-root-tips
Poster,P119,"./generated_poster_list.html#p119-tradeoffs,-balance-and-drift-the-genetics-of-paralogous-compensation-in-the-maize-meristem"
Poster,P120,./generated_poster_list.html#p120-transcriptomic-profiles-of-developing-meristems-across-sorghum-accessions-reveal-nuanced-regulatory-pathways-towards-panicle-morphology
Poster,P121,./generated_poster_list.html#p121-uncovering-the-infection-strategy-of-phyllachora-maydis-during-�maize-colonization-a-comprehensive-analysis
Poster,P122,./generated_poster_list.html#p122-understanding-leaf-vascular-density-through-quantitative-genetics-and-high-throughput-phenotyping
Poster,P123,./generated_poster_list.html#p123-unravelling-the-role-of-liguleless2-in-maize
Poster,P124,./generated_poster_list.html#p124-vasculature-connection-in-maize-“twin-grafts”
Poster,P125,"./generated_poster_list.html#p125-whetstone1-wts1,-a-single-dominant-locus-from-the-w22-background-suppresses-wavy-auricle-in-blade2-wab2"
Poster,P126,./generated_poster_list.html#p126-wavy-auricle-in-blade2-wab2-overexpresses-tcptf15-and-is-suppressed-by-one-copy-of-wavy-auricle-in-blade1-wab1-loss-of-function
Poster,P127,./generated_poster_list.html#p127-zmcand1-is-hyposensitive-to-auxin-treatment-and-controls-maize-growth-and-development
Poster,P128,./generated_poster_list.html#p128-zmpils6-is-an-auxin-efflux-carrier-required-for-maize-morphogenesis
Poster,P129,./generated_poster_list.html#p129-tasseless5-tls5-affects-plant-height-and-reproductive-development-in-maize-by-regulating-internode-elongation-and-tassel-emergence
Poster,P130,./generated_poster_list.html#p130-a-developmental-series-transcriptomic-study-of-nitrogen-related-heterosis
Poster,P131,./generated_poster_list.html#p131-a-multi-omics-integrative-network-map-of-maize
Poster,P132,./generated_poster_list.html#p132-a-multi-organ-maize-metabolic-model-connects-temperature-stress-with-energy-production-and-reducing-power-generation
Poster,P133,"./generated_poster_list.html#p133-a-unified-vcf-dataset-from-1,500-diverse-maize-accessions-and-resources-to-explore-the-genomic-landscape-of-maize"
Poster,P134,./generated_poster_list.html#p134-advancing-maize-phenotyping-through-automation-and-data-analysis
Poster,P135,./generated_poster_list.html#p135-are-the-non-coding-regions-really-non-coding?-large-scale-identification-of-orphan-genes-from-b73-v5-genome
Poster,P136,./generated_poster_list.html#p136-bridgecereal-webapp-for-survey-and-graph-indel-based-haplotypes-from-pan-genomes
Poster,P137,./generated_poster_list.html#p137-benchmarking-across-species-rna-expression-prediction-within-maize-and-its-wild-relatives
Poster,P138,./generated_poster_list.html#p138-breeders'-genomic-hub-integrating-analysis-tools-with-data
Poster,P139,./generated_poster_list.html#p139-brobot-&-roottagginggui-an-image-acquisition-and-processing-pipeline-for-high-volume-phenotyping
Poster,P140,./generated_poster_list.html#p140-chromatin-structure-and-particle-mapping-in-maize-root-tip-nuclei-using-mnase-digestion-assays
Poster,P141,./generated_poster_list.html#p141-chromosome-level-assembly-and-comprehensive-annotation-of-the-w22-and-ph207-maize-inbreds
Poster,P142,./generated_poster_list.html#p142-comparison-of-rrna-depletion-methods-in-maize
Poster,P143,./generated_poster_list.html#p143-coupling-ecophysiology-and-genetics-in-a-digital-environment-for-modeling-crop-adaptation
Poster,P144,./generated_poster_list.html#p144-earvisionv2-detects-spatial-effects-of-pollen-mutations-on-kernel-distribution-across-the-maize-ear
Poster,P145,./generated_poster_list.html#p145-enhancing-plant-genome-annotation-through-dna-language-model-a-focus-on-arabidopsis-and-maize
Poster,P146,"./generated_poster_list.html#p146-ensembles-of-deep-learning,-machine-learning,-and-linear-models-outperform-individual-models-for-maize-yield-prediction-in-diverse-environments"
Poster,P147,./generated_poster_list.html#p147-genetic-determinants-of-northern-corn-leaf-blight-resistance-revealed-by-multi-scale-systems-genetics
Poster,P148,./generated_poster_list.html#p148-genomic-analysis-of-stability-in-grain-composition-in-maize
Poster,P149,./generated_poster_list.html#p149-gramene-panmaize-one-stop-pan-genome-browser-for-exploring-the-rich-genetic-diversity-in-maize
Poster,P150,./generated_poster_list.html#p150-high-throughput-phenotyping-of-maize-stress-responses-in-controlled-environments
Poster,P151,./generated_poster_list.html#p151-identification-and-annotation-of-stress-response-transcriptional-regulatory-mechanisms-in-maize
Poster,P152,./generated_poster_list.html#p152-identification-of-cold-adapted-proteins-in-poaceae-using-machine-learning-and-comparative-genomics
Poster,P153,./generated_poster_list.html#p153-impacts-of-structural-variants-on-accurate-snp-imputation
Poster,P154,./generated_poster_list.html#p154-improving-polyploid-and-heterozygous-genome-interpretation-using-hidden-markov-models
Poster,P155,./generated_poster_list.html#p155-k-mer-trait-association-mapping-and-prioritization-of-candidate-genes-with-homotools-for-structural-comparison
Poster,P156,"./generated_poster_list.html#p156-life,-the-universe,-and-everything-for-$42-wideseq-mapping-of-maize-mutants"
Poster,P157,./generated_poster_list.html#p157-maizegdb-ai-driven-resources-for-maize
Poster,P158,./generated_poster_list.html#p158-maizemine-tools-for-exploring-genomic-datasets-from-the-maize-research-community
Poster,P159,./generated_poster_list.html#p159-mapping-genomic-elements-in-response-to-heat-stress-in-maize
Poster,P160,./generated_poster_list.html#p160-mapping-loci-controlling-sorghum-seed-color-using-computer-vision-models-pre-trained-in-distantly-related-grain-crops
Poster,P161,./generated_poster_list.html#p161-microbial-partner-mipner-analysis-for-the-discovery-and-study-of-microbe-microbe-interactions
Poster,P162,./generated_poster_list.html#p162-population-level-gene-expression-can-repeatedly-link-genes-to-functions-in-maize
Poster,P163,./generated_poster_list.html#p163-predicting-cell-type-specific-expression-of-maize-gene-models-using-dna-sequence
Poster,P164,./generated_poster_list.html#p164-prioritizing-deleterious-mutations-in-maize-by-dna-language-model
Poster,P165,./generated_poster_list.html#p165-remote-sensing-for-response-to-nitrogen-fertilizer-in-maize
Poster,P166,./generated_poster_list.html#p166-swift-pan-genomic-methods-for-comprehensive-genome-annotation-in-maize-genomes
Poster,P167,./generated_poster_list.html#p167-the-establishment-and-progression-of-microbial-communities-associated-with-the-developing-seedling-roots-of-maize-and-sorghum
Poster,P168,./generated_poster_list.html#p168-the-maize-rhizoplane-microbial-community
Poster,P169,./generated_poster_list.html#p169-the-prediction-of-zea-mays-maize-and-fusarium-graminearum-host-pathogen-protein-protein-interactions-using-fine-tuned-protein-language-models-and-diffusion
Poster,P170,./generated_poster_list.html#p170-transcriptomic-responses-in-maize-and-green-foxtail-to-poaceae-adapted-and-generalist-lepidopteran-herbivores
Poster,P171,./generated_poster_list.html#p171-unraveling-the-chromatin-environment-of-double-strand-breaks-leading-to-crossovers-and-non-crossovers
Poster,P172,./generated_poster_list.html#p172-utilizing-hyperspectral-field-imagery-for-accurate-southern-leaf-blight-severity-grading-in-maize
Poster,P173,./generated_poster_list.html#p173-an-f-box-protein-acoz1-functions-in-crossover-formation-by-ensuring-proper-chromosome-compaction-during-maize-meiosis
Poster,P174,./generated_poster_list.html#p174-b-chromosome-mediated-effects-on-a-chromosomes
Poster,P175,./generated_poster_list.html#p175-elucidating-the-relationship-between-dna-replication-timing-within-s-phase-and-the-spatial-organization-of-chromatin-within-maize-nuclei
Poster,P176,./generated_poster_list.html#p176-global-modulation-of-gene-expression-in-aneuploidy-combinations-in-maize
Poster,P177,./generated_poster_list.html#p177-stability-of-chromosome-segregation-by-synthetic-maize-centromeres
Poster,P178,./generated_poster_list.html#p178-the-long-journey-of-barbara-mcclintock’s-slides-defining-the-nor
Poster,P179,./generated_poster_list.html#p179-unveiling-the-molecular-mechanism-of-the-b-chromosome-nondisjunction—a-component-of-its-drive-mechanism
Poster,P180,./generated_poster_list.html#p180-a-seed-dispersal-game-curriculum-for-teaching-plant-domestication-and-adaptation-to-students-of-all-ages
Poster,P181,./generated_poster_list.html#p181-broader-impact-through-teacher-education-teachers-confront-the-messiness-of-scientific-practice
Poster,P182,./generated_poster_list.html#p182-censa-create-a-sustainable-food-system-for-nitrogen-moving-synthetic-nitrogen-from-the-field-to-barn
Poster,P183,./generated_poster_list.html#p183-characterizing-and-distributing-maize-diversity-the-ncrpis-maize-collection
Poster,P184,./generated_poster_list.html#p184-evolution-of-genome-editing-regulations-comparative-analysis-in-model-countries
Poster,P185,./generated_poster_list.html#p185-from-the-inari-gene-editing-toolbox-crispr/cas-mediated-enhancer-insertion-in-maize
Poster,P186,./generated_poster_list.html#p186-leaf-angle-and-curricular-innovation-a-cure-for-research-and-undergraduate-education
Poster,P187,./generated_poster_list.html#p187-marvel-an-inclusive-student-persistence-framework-to-close-equity-gaps-in-stem-workforce-development
Poster,P188,"./generated_poster_list.html#p188-the-maize-10-maze-project,-an-educational-public-chromosome-map-garden-with-mutants-of-maize-at-fsu-and-online"
Poster,P189,./generated_poster_list.html#p189-a-magic-population-to-study-functional-diversity-in-mexican-native-maize
Poster,P190,"./generated_poster_list.html#p190-a-myb-transcription-factor-underlying-plant-height-in-sorghum-and-maize-reveals-functional-connections-across-natural-alleles,-mutant,-and-edited-alleles"
Poster,P191,"./generated_poster_list.html#p191-a-rootless1-knockdown-allele-affects-maize-nodal-root-development,-changing-root-system-architecture-and-function"
Poster,P192,./generated_poster_list.html#p192-a-case-for-germ-calculating-genotype-by-environment-by-rhizosphere-microbiome-interactions-to-improve-crop-yield-and-resilience
Poster,P193,./generated_poster_list.html#p193-a-cat-and-mouse-game-for-the-stay-green-phenotype-in-maize-hybrids
Poster,P194,./generated_poster_list.html#p194-a-comparative-approach-for-selecting-orthologous-candidate-genes-underlying-signal-in-elemental-accumulation-genome-wide-association-studies-across-multiple-species
Poster,P195,"./generated_poster_list.html#p195-a-new-ethanol-extraction-method-in-maize-using-lab-scale,-dry-grind-technology�"
Poster,P196,./generated_poster_list.html#p196-a-tale-of-two-functions-exploring-asparagine's-impact-on-human-health-and-the-environment
Poster,P197,./generated_poster_list.html#p197-ai-driven-image-based-high-throughput-phenotyping-and-genetic-analysis-of-plant-architecture-in-maize
Poster,P198,./generated_poster_list.html#p198-analysis-of-b73-seed-phenotype-changes-in-response-to-tropical-conditions
Poster,P199,./generated_poster_list.html#p199-analyzing-the-impact-of-40-years-of-breeding-and-low-nitrogen-environments-on-maize-root-system-architecture-using-x-ray-imaging
Poster,P200,./generated_poster_list.html#p200-bzea-a-diverse-teosinte-introgression-population-for-investigating-agronomic-traits-in-maize
Poster,P201,./generated_poster_list.html#p201-breeding-corn-for-organic-production-systems
Poster,P202,./generated_poster_list.html#p202-breeding-for-color-and-improved-protein-content-in-sweet-corn-and-popcorn
Poster,P203,./generated_poster_list.html#p203-breeding-for-root-traits-in-cereal-crops
Poster,P204,./generated_poster_list.html#p204-cerca---circular-economy-that-reimagines-corn-agriculture
Poster,P205,./generated_poster_list.html#p205-cimmyt-maize-lines-cmls-a-fundamental-resource-for-maize-breeders-and-geneticists
Poster,P206,./generated_poster_list.html#p206-characterizing-heirloom-maize-of-the-united-states
Poster,P207,./generated_poster_list.html#p207-cold-tolerance-evaluation-in-maize-through-seedling-establishment-strategies
Poster,P208,./generated_poster_list.html#p208-comparing-k-mer-based-and-snp-based-gwas-approaches-to-identify-structural-variants-in-sweet-corn
Poster,P209,./generated_poster_list.html#p209-comprehensive-kernel-analysis-in-large-dh-populations-derived-from-intercrossing-germplasm-enhancement-of-maize-lines
Poster,P210,./generated_poster_list.html#p210-contribution-of-tropical-alleles-to-heterosis-in-root-traits-and-root-associated-microbial-traits-under-varied-nitrogen-conditions
Poster,P211,./generated_poster_list.html#p211-d16-–-a-game-changer-in-the-quest-to-generate-short-stature-corn-hybrids
Poster,P212,./generated_poster_list.html#p212-developing-transformable-haploid-inducers-to-meet-commercial-scale-genome-editing-in-maize
Poster,P213,./generated_poster_list.html#p213-discovering-phosphorus-efficiency-alleles-in-maize-and-sorghum-by-combining-multiple-omics-datasets-and-advanced-modeling-statistics
Poster,P214,./generated_poster_list.html#p214-dissecting-the-genetic-architecture-of-root-traits-in-the-meximagic-population
Poster,P215,./generated_poster_list.html#p215-effects-of-maize-chlorotic-mottle-virus-and-potyvirus-resistance-on-maize-lethal-necrosis-disease
Poster,P216,./generated_poster_list.html#p216-effects-of-plot-orientation-and-leaf-angle-on-maize-grain-yield
Poster,P217,./generated_poster_list.html#p217-examining-the-dynamics-of-microbe-driven-heterosis-in-maize
Poster,P218,./generated_poster_list.html#p218-exploring-the-application-of-phenomic-selection-in-corn-breeding
Poster,P219,./generated_poster_list.html#p219-expression-analysis-of-key-genes-controlling-resistance-to-striga-hermonthica-in-tropical-maize-inbred-lines
Poster,P220,./generated_poster_list.html#p220-fine-mapping-and-positional-cloning-of-a-major-root-system-architecture-qtl-in-maize
Poster,P221,./generated_poster_list.html#p221-functional-genetics-of-g×e-qtl-for-root-system-architecture-in-maize
Poster,P222,./generated_poster_list.html#p222-gwas-analysis-reveals-resistant-genes-to-maize-southern-leaf-blight
Poster,P223,./generated_poster_list.html#p223-genetic-determinants-of-aerial-root-formation-in-maize-prospects-for-harnessing-biological-nitrogen-fixation
Poster,P224,"./generated_poster_list.html#p224-genetic-potential-of-tropical,-temperate,-and-mixed-maize-populations-evaluated-in-tropical-environments"
Poster,P225,"./generated_poster_list.html#p225-genetic-analysis-of-yield,-combining-ability,-and-agronomic-performance-in-non-stiff-stalk-elite-germplasm-in-a-factorial-mapping-population"
Poster,P226,./generated_poster_list.html#p226-genetic-elucidation-of-maize-leaf-length-and-width-traits
Poster,P227,./generated_poster_list.html#p227-genetic-map-based-cloning-of-two-major-qtl-genes-for-husk-number-in-maize-zea-mays
Poster,P228,./generated_poster_list.html#p228-genetic-mapping-of-resistance-to-goss's-wilt-of-maize
Poster,P229,./generated_poster_list.html#p229-genome-wide-dissection-of-leaf-angle-variation-across-the-canopy-in-maize
Poster,P230,"./generated_poster_list.html#p230-genomic-selection-essence,-applications-and-prospects"
Poster,P231,./generated_poster_list.html#p231-genomic-prediction-and-landscape-genomics-in-a-large-maize-landraces-collection-using-high-throughput-pool-genotyping-identifies-promising-sources-of-diversity-for-prebreeding
Poster,P232,"./generated_poster_list.html#p232-high-intensity-phenotyping-sites-multi-scale,-multi-modal-sensing-to-identify-the-genetic-regulation-of-plasticity/phenotypic-stability"
Poster,P233,./generated_poster_list.html#p233-high-throughput-phenotyping-and-machine-learning-based-approaches-for-time-series-crop-assessment-using-uav-imagery
Poster,P234,./generated_poster_list.html#p234-host-specificities-of-microbial-consortia-revealed-by-metagenomic-approaches-in-sorghum-bicolor
Poster,P235,./generated_poster_list.html#p235-identification-of-genomic-regions-associated-with-the-causal-qtl-of-shdg-trait-in-ames-diversity-panel-by-gwas
Poster,P236,./generated_poster_list.html#p236-identification-of-waxy-genotype-from-iodine-stained-maize-pollen-image-by-linear-discriminant-analysis
Poster,P237,./generated_poster_list.html#p237-incorporating-gene-network-information-into-the-prediction-of-maize-flowering-time
Poster,P238,./generated_poster_list.html#p238-introgression-of-zea-diploperennis-to-transfer-perennial-like-root-n-remobilization-to-maize-zea-mays
Poster,P239,./generated_poster_list.html#p239-kernel-morphology-influences-maize-hybrid-seed-production-efficiency
Poster,P240,./generated_poster_list.html#p240-leveraging-above-and-below-ground-phenotyping-of-a-maize-synthetic-population-containing-teosinte-alleles-in-nitrogen-limited-field-conditions-to-identify-nitrogen-efficiency-alleles
Poster,P241,./generated_poster_list.html#p241-linking-known-and-previously-uncharacterized-genes-to-roles-in-maize-metabolism-and-whole-plant-phenotype-using-paired-transcriptomic-and-metabolic-data-from-a-field-grown-maize-diversity-panel
Poster,P242,./generated_poster_list.html#p242-longitudinal-modeling-of-stomatal-conductance-potentiates-the-optimization-of-water-use-efficient-maize
Poster,P243,./generated_poster_list.html#p243-maize-hybrids-display-negative-heterosis-for-induced-defense-while-maintaining-disease-resistance
Poster,P244,./generated_poster_list.html#p244-managing-maize-lethal-necrosis-disease-using-traditional-and-molecular-breeding
Poster,P245,./generated_poster_list.html#p245-mapping-freezing-tolerance-in-tripsacum-by-bulk-segregant-analysis
Poster,P246,./generated_poster_list.html#p246-mapping-tissue-specific-disease-resistance-to-xanthomonas-vasicola-pv-vasculorum-in-maize
Poster,P247,./generated_poster_list.html#p247-multi-environment-multivariate-genome-wide-association-studies-identify-candidate-loci-underlying-cuticular-wax-accumulation-and-composition-on-maize-silks
Poster,P248,./generated_poster_list.html#p248-multi-environmental-rna-seq-reveals-the-extent-of-genotype-by-environment-interactions-as-it-relates-to-gene-expression
Poster,P249,./generated_poster_list.html#p249-optimizing-a-high-throughput-screening-method-to-identify-the-genetic-regulators-of-vpd-transpirational-breakpoints-in-zea-mays
Poster,P250,./generated_poster_list.html#p250-optimizing-simulations-for-digital-breeding-that-accurately-parallels-empirical-data
Poster,P251,./generated_poster_list.html#p251-pangenome-based-haplotype-genomic-prediction-outperforms-snp-based-prediction-methods-for-north-american-corn-breeding
Poster,P252,./generated_poster_list.html#p252-performance-of-triple-cross-hybrids-with-varying-genetic-distances-among-inbred-parents
Poster,P253,./generated_poster_list.html#p253-phenotypic-heritability-in-maize-can-be-largely-explained-by-genetic-variation-at-transcription-factor-binding-sites
Poster,P254,./generated_poster_list.html#p254-phenotypic-plasticity-in-a-maize-hybrid-population-across-a-precipitation-and-elevation-gradient-spanning-iowa-and-nebraska
Poster,P255,./generated_poster_list.html#p255-phenotypic-plasticity-in-flowering-time-in-maize-teosinte-introgression-populations-shaped-by-interaction-between-domestication-loci-and-diurnal-temperature-range
Poster,P256,./generated_poster_list.html#p256-phenotypic-selection-of-maize-adapted-to-temperature-extremes-as-a-strategy-to-maintain-productivity-under-global-climate-change
Poster,P257,./generated_poster_list.html#p257-pipe-dream-or-partitioning-reality?-exploring-extreme-maize-phenotypes-and-their-role-in-programming-senescence
Poster,P258,./generated_poster_list.html#p258-profiling-population-level-gene-expression-from-a-field-grown-sorghum-diversity-panel-for-comparative-analysis-with-maize
Poster,P259,./generated_poster_list.html#p259-quantitative-genetic-analysis-of-variants-contributing-to-variation-in-yield-component-traits-in-maize
Poster,P260,./generated_poster_list.html#p260-reconsidering-the-genetic-diversity-underlying-photoperiod-sensitivity-for-maize-adaption-to-climate-change
Poster,P261,./generated_poster_list.html#p261-response-of-mature-maize-kernels-to-inoculation-with-aspergillus-flavus
Poster,P262,./generated_poster_list.html#p262-response-to-arbuscular-mycorrhizal-fungi-in-field-grown-maize
Poster,P263,./generated_poster_list.html#p263-self-organizing-maps-for-clustering-tropical-maize-inbred-lines-cropped-under-low-and-high-nitrogen-inputs-in-brazil
Poster,P264,./generated_poster_list.html#p264-seqsnp-based-genic-markers-revealed-the-genetic-structure-and-identified-candidate-genes-for-low-soil-nitrogen-tolerance-in-tropical-quality-protein-qpm-maize-inbred-lines
Poster,P265,./generated_poster_list.html#p265-single-parent-expression-and-heterosis-in-a-diverse-diallel-f1-population
Poster,P266,./generated_poster_list.html#p266-spatial-analysis-of-stomatal-patterning-from-computer-vision-annotated-images-for-gwas/twas-of-a-diverse-biomass-sorghum-population
Poster,P267,./generated_poster_list.html#p267-target-oriented-prioritization-a-breeding-decision-tool-for-genomic-selection
Poster,P268,./generated_poster_list.html#p268-the-core-collection-enriched-for-korean-maize-zea-mays-l-landraces-reveals-seed-texture-correlated-morphological-characters-and-novel-multi-aleurone-layer-phenotypes
Poster,P269,./generated_poster_list.html#p269-the-dominance-of-gene-expression-controlled-by-trans-eqtls-contributes-to-heterosis-of-phenotypic-traits-in-maize
Poster,P270,"./generated_poster_list.html#p270-the-maize-ontogenetics-complexity,-diversity-and-dynamics"
Poster,P271,./generated_poster_list.html#p271-the-many-contexts-of-genetic-effects
Poster,P272,./generated_poster_list.html#p272-the-recessive-lesion-mimic-mutation-les-2014-results-from-the-loss-of-function-of-the-only-hpl1-gene-in-maize
Poster,P273,./generated_poster_list.html#p273-the-role-of-grassy-tillers-1-in-drought-response-of-sorghum-bicolor
Poster,P274,./generated_poster_list.html#p274-the-shape-of-data-a-new-concept-for-understanding-crop-diversity
Poster,P275,"./generated_poster_list.html#p275-to-explain-and-to-predict-genetic-diversity,-environmental-context,-and-phenotypic-plasticity"
Poster,P276,./generated_poster_list.html#p276-transformers-for-genomic-selection
Poster,P277,./generated_poster_list.html#p277-unveiling-the-effects-of-organic-nitrogen-fertility-and-weed-competition-on-corn-hybrid-agronomic-performance-and-root-architecture-characteristics
Poster,P278,./generated_poster_list.html#p278-using-remote-and-proximal-sensing-to-quantify-plant-architectural-variation-across-maize-diversity
Poster,P279,./generated_poster_list.html#p279-weighted-records-prediction-for-hybrid-maize-performance
Poster,P280,./generated_poster_list.html#p280-analysis-of-de-novo-mutator-transposon-insertions-across-tissue-types
Poster,P281,./generated_poster_list.html#p281-bi-directionally-expressed-enhancers-harbor-the-molecular-signatures-of-maize-domestication
Poster,P282,./generated_poster_list.html#p282-dna-glycosylase-mdr1-underlies-a-connection-between-dna-methylation-and-imprinted-gene-expression
Poster,P283,./generated_poster_list.html#p283-data-mining-dynamic-transposable-elements---helitrons---using-lstm-model
Poster,P284,./generated_poster_list.html#p284-dynamic-genomic-evolution-via-active-ltr-transposable-elements-in-maize
Poster,P285,./generated_poster_list.html#p285-exploring-the-timing-and-regulation-of-the-sporophyte-to-gametophyte-transition-sgt
Poster,P286,./generated_poster_list.html#p286-exploring-tissue-specific-variation-in-knob-chromatin-accessibility
Poster,P287,./generated_poster_list.html#p287-genetic-determinants-of-hybrid-decay-in-backcross-populations-of-maize
Poster,P288,./generated_poster_list.html#p288-genomic-consequences-of-repeated-chromosomal-breakage
Poster,P289,./generated_poster_list.html#p289-high-resolution-crossover-maps-highlighting-the-role-of-dna-methylation-in-meiotic-recombination-of-maize
Poster,P290,./generated_poster_list.html#p290-influence-of-the-dna-glycosylase-mdr1-on-histone-modifications-in-endosperm
Poster,P291,./generated_poster_list.html#p291-maize-ago2-is-involved-in-rnai-balance-and-epigenetic-inheritance-through-the-male-germline
Poster,P292,./generated_poster_list.html#p292-maize-domestication-through-the-lens-of-transposable-elements
Poster,P293,./generated_poster_list.html#p293-tips-and-tricks-for-identifying-transposable-element-insertion-polymorphisms-using-short-read-data
Poster,P294,./generated_poster_list.html#p294-the-maize-ufo1-and-its-mysterious-function-in-kernel-development
Poster,P295,./generated_poster_list.html#p295-vgt1-a-cis-regulatory-element-regulating-flowering-time-and-growth-speed
Poster,P296,./generated_poster_list.html#p296-mrna-splicing-variation-in-mop1-1-mutant-maize
Poster,P297,./generated_poster_list.html#p297-crop-domestication-in-zea-mays-has-contrasting-effects-on-microbiome-community-structure-in-above-and-below-ground-microbiota
Poster,P298,./generated_poster_list.html#p298-determination-of-genetic-and-epigenetic-regulations-of-meiotic-recombination-under-domestication-in-maize
Poster,P299,"./generated_poster_list.html#p299-distribution-and-impact-of-functional-glossy15-haplotypes-on-phase-change,-flowering,-and-grain-drydown"
Poster,P300,./generated_poster_list.html#p300-evolutionary-mining-of-cold-tolerance-alleles-in-maize-for-future-farming-sustainability
Poster,P301,./generated_poster_list.html#p301-genetic-legacies-of-the-first-ancient-south-american-state-in-archaeological-maize
Poster,P302,./generated_poster_list.html#p302-genome-wide-association-studies-to-establish-the-genetic-basis-of-agro-morphological-and-climatic-factors-in-wild-maize-relatives
Poster,P303,"./generated_poster_list.html#p303-gramene-2024-a-comparative-resource-on-plant-reference-genomes,-pan-genomes-and-pathways"
Poster,P304,./generated_poster_list.html#p304-maize-x-teosinte-synergy-a-holistic-vision-for-climate-resilient-crop-evolution-through-integrated-innovative-breeding-strategies
Poster,P305,./generated_poster_list.html#p305-molecular-evolution-of-a-maize-hybrid-barrier-over-12-million-years-suggests-epistatic-silencing
Poster,P306,./generated_poster_list.html#p306-revisiting-the-subgenome-ancestry-of-maize
Poster,P307,./generated_poster_list.html#p307-scaling-analyses-of-cis-regulatory-evolution-across-hundreds-of-wild-grass-species
Poster,P308,./generated_poster_list.html#p308-shoot-level-phenotyping-reveals-adaptive-variation-in-the-grass-genus-hordeum
Poster,P309,./generated_poster_list.html#p309-tandem-repeat-structure-and-conservation-in-maize
Poster,P310,./generated_poster_list.html#p310-the-influence-of-heavy-metal-response-in-the-origin-and-domestication-of-maize
Poster,P311,./generated_poster_list.html#p311-uncovering-the-genetic-basis-of-perenniality-in-the-andropogoneae
Poster,P312,./generated_poster_list.html#p312-unraveling-the-genetic-basis-of-kernel-protein-concentration-in-the-illinois-long-term-selection-experiment-through-near-isogenic-lines
Poster,P313,"./generated_poster_list.html#p313-phenotypic-selection-in-synadapt,-a-genetically-diverse-maize-teosinte-hybrid-population"
